{"schemaVersion":"1.0","appDefinitionTemplate":{"id":"/providers/Microsoft.PowerApps/apps/","type":"Microsoft.PowerApps/apps","tags":{"primaryDeviceWidth":"1366","primaryDeviceHeight":"768","supportsPortrait":"true","supportsLandscape":"true","primaryFormFactor":"Tablet","publisherVersion":"3.22111.19","minimumRequiredApiVersion":"2.2.0","hasComponent":"false","hasUnlockedComponent":"false","isUnifiedRootApp":"false","sienaVersion":"20221130T090838Z-3.22111.19.0"},"properties":{"appVersion":"2022-11-30T09:08:38Z","lifeCycleId":"Published","createdByClientVersion":{"major":3,"minor":22111,"build":19,"revision":0,"majorRevision":0,"minorRevision":0},"minClientVersion":{"major":3,"minor":22111,"build":19,"revision":0,"majorRevision":0,"minorRevision":0},"backgroundColor":"RGBA(0,176,240,1)","backgroundImageUri":"/17109836747128324277/N6232b716-3038-44ed-9de4-dbe14181bfa4-logoSmallFile","displayName":"PH17_Risk","description":"","commitMessage":"","appUris":{"documentUri":{"value":"/17109836747128324277/N597e1c91-dbf3-48f4-9f2a-4f2ac0e81de5-document.msapp"},"imageUris":[],"additionalUris":[]},"createdTime":"0001-01-01T00:00:00Z","lastModifiedTime":"0001-01-01T00:00:00Z","sharedGroupsCount":0,"sharedUsersCount":0,"icons":{"smallIconUri":"/17109836747128324277/N6c533469-5962-4c44-8df7-fd8417d1cb14-small.png","mediumIconUri":"/17109836747128324277/Ndbb53096-de91-4b67-a75d-5313e38851d1-medium.png","largeIconUri":"/17109836747128324277/N800cc555-593d-4ba1-8d53-5b6b4bb4f5d0-large.png","wideIconUri":"/17109836747128324277/Na5ca485d-81e9-4975-8cd1-cbf496686059-wide.png"},"connectionReferences":{"316aa867-4456-48ec-83ad-a3fe30669fc0":{"id":"d5ba419b-dd03-482b-8736-9f1e1ed0289d","displayName":"SharePoint","iconUri":"https://connectoricons-prod.azureedge.net/releases/v1.0.1610-greyhound-localization-RelayFix/1.0.1610.3091/sharepointonline/icon.png","dataSources":["PH17_RiskRegister","PH17_Users","PH17_Risk_Actions"],"dependencies":[],"dependents":[],"parameterHints":{},"parameterHintsV2":{},"isOnPremiseConnection":false,"bypassConsent":false,"dataSets":{"https://volkerwesselsuk.sharepoint.com/sites/Grp_VFDigitalWorkstreams_VFCore":{"dataSources":{"PH17_RiskRegister":{"tableName":"b9befe5d-3600-41ea-96f0-ffd9516fe80d"},"PH17_Users":{"tableName":"798ef24b-8959-44ba-8acf-661d6d1613d8"},"PH17_Risk_Actions":{"tableName":"0b99228f-f802-4ef3-8879-915ea1c41d22"}}}},"apiTier":"Standard","isCustomApiConnection":false,"actions":["providers/PowerPlatform.Governance/Operations/Read","providers/PowerPlatform.Governance/Operations/Write"]}},"databaseReferences":{},"almMode":"Environment","performanceOptimizationEnabled":true,"canConsumeAppPass":true,"enableModernRuntimeMode":false,"executionRestrictions":{"isTeamsOnly":false,"dataLossPreventionEvaluationResult":{"status":"Compliant","lastEvaluationDate":"2022-11-28T14:52:23.9771369Z","violations":[],"violationsByPolicy":[],"violationErrorMessage":"The app uses the following connectors: shared_sharepointonline."}}},"appType":"ClassicCanvasApp","appComponents":[]}}