{"schemaVersion":"1.0","appDefinitionTemplate":{"id":"/providers/Microsoft.PowerApps/apps/","type":"Microsoft.PowerApps/apps","tags":{"primaryDeviceWidth":"640","primaryDeviceHeight":"1136","supportsPortrait":"true","supportsLandscape":"true","primaryFormFactor":"Phone","publisherVersion":"3.22111.19","minimumRequiredApiVersion":"2.2.0","hasComponent":"false","hasUnlockedComponent":"false","isUnifiedRootApp":"false","sienaVersion":"20221128T164615Z-3.22111.19.0"},"properties":{"appVersion":"2022-11-28T16:46:15Z","lifeCycleId":"Published","createdByClientVersion":{"major":3,"minor":22111,"build":19,"revision":0,"majorRevision":0,"minorRevision":0},"minClientVersion":{"major":3,"minor":22111,"build":19,"revision":0,"majorRevision":0,"minorRevision":0},"backgroundColor":"RGBA(0,176,240,1)","backgroundImageUri":"/6632434000357410743/Nb0ea741b-b59a-41a9-8c8b-81bcc8b25bab-logoSmallFile","displayName":"Project Hack","description":"","commitMessage":"","appUris":{"documentUri":{"value":"/6632434000357410743/N2924e43b-96ac-453e-b54a-e6a514624c6b-document.msapp"},"imageUris":[],"additionalUris":[]},"createdTime":"0001-01-01T00:00:00Z","lastModifiedTime":"0001-01-01T00:00:00Z","sharedGroupsCount":0,"sharedUsersCount":0,"icons":{"smallIconUri":"/6632434000357410743/N404cf3ac-9f0a-419c-9079-17ee19625d3a-small.png","mediumIconUri":"/6632434000357410743/Nc3687ebf-e184-4730-b327-9083c0e88d50-medium.png","largeIconUri":"/6632434000357410743/N5d40ddc5-05d4-4200-bcf8-8363aa88cd8b-large.png","wideIconUri":"/6632434000357410743/Nc91d4fca-84d4-4393-a5ac-5220cdc5ced0-wide.png"},"connectionReferences":{},"databaseReferences":{},"almMode":"Environment","performanceOptimizationEnabled":true,"canConsumeAppPass":true,"enableModernRuntimeMode":false,"executionRestrictions":{"isTeamsOnly":false,"dataLossPreventionEvaluationResult":{"status":"Compliant","lastEvaluationDate":"2022-11-28T15:05:02.7215252Z","violations":[],"violationsByPolicy":[],"violationErrorMessage":"The app uses the following connectors: ."}}},"appType":"ClassicCanvasApp","appComponents":[]}}